Config,,Baseline (no ratings),With Star Ratings,Abs. Change,% Change
A - Current (Baseline),Profit per Facing,61233.45993167118,61492.090631916886,258.63070024570334,0.42236826162411756
A - Current (Baseline),Conversion Rate,0.6439,0.6516,0.007699999999999929,1.1958378630221977
A - Current (Baseline),Combined Total Profit,1376962.0258699998,1393908.2951040482,16946.269234048435,1.230699824371806
B - High-Margin Focus,Profit per Facing,52256.67471153846,52115.73469276969,-140.94001876876428,-0.26970720878579657
B - High-Margin Focus,Conversion Rate,0.6647,0.6672,0.0025000000000000577,0.3761095230931266
B - High-Margin Focus,Combined Total Profit,1261971.434075938,1272201.406577914,10229.97250197595,0.8106342366986041
C - Scenario 2 (Recommended),Profit per Facing,69246.35559049435,69346.61545160544,100.25986111108796,0.14478720252657507
C - Scenario 2 (Recommended),Conversion Rate,0.6638,0.6677,0.0039000000000000146,0.5875263633624561
C - Scenario 2 (Recommended),Combined Total Profit,1495676.8501875966,1510870.82019866,15193.970011063386,1.0158591415757812
